플랫폼,스트리머,포인트,최고 시청자 순위,평균 시청자 순위,뷰어십 순위,방송시간,최고시청자,평균시청자,뷰어십
치지직,강퀴88,6,2,2,12,5,680,435.18,2175.9
치지직,박득천,6.2,7,11,1,270.9,133,54.430047988187525,14745.1
치지직,끠월마녀,6.8,8,8,5,57.1,124,71.25218914185639,4068.5
치지직,노페,9,1,1,21,3,922,453.23333333333335,1359.7
치지직,렛 삐,9.2,12,14,3,155,76,42.83806451612903,6639.9
SOOP,화여니,10.2,15,16,2,325.2,67,38.775522755227556,12609.8
SOOP,꾸티뉴,13.6,4,4,28,2.9,467,393.13793103448273,1140.1
치지직,꽃분홍,14.6,13,12,18,32.6,74,47.941717791411044,1562.9
SOOP,해리,15,3,3,33,2.5,522,395.96,989.9
치지직,마하라지,21.6,18,34,11,109.7,58,20.452142206016408,2243.6
치지직,차금지,22.6,21,42,4,235.2,49,17.953231292517007,4222.6
치지직,하이유ㅎ,23.2,10,13,40,16.5,77,45.93939393939394,758
치지직,냐 미 Nyami,23.4,9,6,48,5.9,121,107.67796610169492,635.3
치지직,렘쨩,23.6,16,20,31,36.7,66,29.96457765667575,1099.7
SOOP,아드레날린。,24.6,29,33,14,94.9,39,20.952581664910433,1988.4
치지직,이리온 lrion,24.8,6,7,52,6.3,152,92.07936507936508,580.1
치지직,악동 김블루,25.4,5,5,56,2.1,345,251.85714285714286,528.9
SOOP,로지rozi,25.6,24,46,6,208.8,46,17.329980842911876,3618.5
치지직,현은빈,27,21,48,9,169,49,16.078698224852072,2717.3
치지직,Doman도만,29.2,20,56,7,238.8,53,15.088777219430487,3603.2
치지직,이 소 에,32,10,9,66,6.5,77,63.55384615384615,413.1
치지직,도그홀,33.2,36,52,13,137.4,37,15.466521106259098,2125.1
치지직,감쑥이,33.8,25,38,34,50.8,45,19.12795275590551,971.7
SOOP,박현정,34.2,45,43,20,81.3,31,17.682656826568266,1437.6
치지직,융 쁘,35.2,26,26,49,26.4,42,23.984848484848484,633.2
치지직,깨미는뚠뚠,37.6,14,15,72,9.2,69,41.68478260869565,383.5
치지직,최하루s,44.2,51,58,27,78.2,28,14.824808184143222,1159.3
치지직,미토키,45.8,33,61,37,59.9,38,13.998330550918197,838.5
SOOP,Rity~,46.2,47,73,19,121.4,30,12.126853377265238,1472.2
치지직,노솔링,48,40,64,36,63.6,35,13.742138364779874,874
치지직,뱀용,49.4,55,86,10,219.2,26,11.038321167883211,2419.6
치지직,릴쓰,50.6,33,94,16,191,38,10.26910994764398,1961.4
치지직,랜박,51.8,51,41,63,24.2,28,18.210743801652892,440.7
치지직,세모개미,52.8,66,67,32,78.7,24,13.416772554002542,1055.9
치지직,바나나맛우윰,53.8,29,30,90,12.4,39,22,272.8
치지직,지옥불맨,53.8,41,35,79,17.3,33,20.196531791907514,349.4
치지직,포니92,53.8,41,31,83,14.2,33,21.56338028169014,306.2
치지직,렉 시,54,38,108,8,312.1,36,8.971483498878564,2800
치지직,레지나Rezina,55.8,23,25,103,8.5,47,25,212.5
SOOP,김멘탈,61.6,74,100,17,203.5,20,9.597542997542998,1953.1
치지직,모모팡,62.2,45,47,86,17.1,31,16.748538011695906,286.4
치지직,감쏘야,63,17,10,139,1.8,60,56.27777777777778,101.3
치지직,유함이,63.2,62,102,25,133.8,25,9.360986547085203,1252.5
치지직,파 크 모,63.8,19,19,131,3.7,54,31.216216216216218,115.5
치지직,Domy,64.2,29,123,23,170.5,39,7.770674486803519,1324.9
SOOP,김마렌,64.2,27,17,130,3.3,41,36.54545454545455,120.6
SOOP,피아__,64.6,55,112,22,161.6,26,8.407178217821782,1358.6
치지직,김 태오,66.8,74,83,47,55.9,20,11.38282647584973,636.3
치지직,레붕,67.6,66,85,51,52.7,24,11.178368121442125,589.1
치지직,고먐미님,68.6,53,51,94,16.2,27,15.74074074074074,255
치지직,전게,69.8,29,18,142,3,39,32.6,97.8
SOOP,치명적여사,72.8,62,60,91,19.2,25,14.192708333333334,272.5
치지직,oyagato,73.6,74,87,60,43.1,20,10.85614849187935,467.9
SOOP,핑빠리,73.6,74,59,88,19.3,20,14.38860103626943,277.7
치지직,쏘지마요,74.2,33,21,148,3.2,38,28.53125,91.3
치지직,루모리,75,55,84,76,32.8,26,11.253048780487806,369.1
치지직,다루쥐,76.6,55,68,96,17.8,26,13.348314606741573,237.6
치지직,윤 씨,76.6,41,98,73,38.7,33,9.896640826873385,383
치지직,겜보1,78,98,122,24,167.5,17,7.841791044776119,1313.5
치지직,빛단아,78.4,74,66,93,18.9,20,13.666666666666666,258.3
SOOP,아라리_-,78.8,68,78,85,25.1,23,11.665338645418327,292.8
치지직,CASKER,79.2,36,36,144,4.8,37,19.895833333333332,95.5
SOOP,숙봉이,82.2,41,22,163,2.7,33,27.37037037037037,73.9
치지직,새살이솔솔마데카솔,83.6,74,101,71,41.6,20,9.411057692307692,391.5
SOOP,빠라빵코,84,98,92,69,39.2,17,10.40561224489796,407.9
치지직,찬꾹,84,84,138,30,175.6,19,6.341116173120729,1113.5
치지직,낭도람,84.4,62,151,29,194.8,25,5.844969199178645,1138.6
SOOP,엣치쿠,85,55,27,158,3.3,26,23.393939393939394,77.2
치지직,다우리,86.4,84,76,98,18.8,19,11.893617021276595,223.6
SOOP,이지수^^*,88.4,48,24,173,2.6,29,26.23076923076923,68.2
치지직,김soya,88.8,94,125,50,80.1,18,7.617977528089888,610.2
SOOP,서경주,89.8,107,156,15,349.2,16,5.632016036655212,1966.7
치지직,릴리나봉,90.4,72,109,81,36.9,21,8.653116531165312,319.3
SOOP,개절,90.6,55,29,170,3,26,22.833333333333332,68.5
치지직,순희 SUNY,91.6,94,69,113,12.4,18,13.338709677419354,165.4
SOOP,김은거.,92.8,74,39,156,4.2,20,18.857142857142858,79.2
치지직,유룽그,92.8,98,81,102,19.1,17,11.413612565445026,218
SOOP,촙촙이야,94.8,98,153,35,169.6,17,5.7057783018867925,967.7
치지직,미우먀우,95.2,62,45,162,4.2,25,17.61904761904762,74
치지직,유건 패브로,97.2,114,148,38,133.6,15,6.125,818.3
SOOP,연우얌z,97.6,84,57,145,6.4,19,14.859375,95.1
SOOP,유함이,99.2,134,142,39,122.2,12,6.311783960720131,771.3
치지직,젠드로 Jendro,99.4,27,44,191,3.3,41,17.636363636363637,58.2
치지직,쇼 시,100.4,120,150,41,128.8,14,5.878105590062112,757.1
치지직,갑엇,103.2,98,164,45,127.7,17,5.226311667971809,667.4
치지직,스타으앙코,103.4,53,32,200,2.4,27,21.416666666666668,51.4
치지직,한심한김진돌,104.4,84,70,149,6.9,19,13.173913043478262,90.9
치지직,히게 hige,106,74,50,178,4.1,20,15.902439024390244,65.2
치지직,련히,106.4,94,118,101,27.2,18,8.022058823529411,218.2
치지직,IMAmurderer,107.6,120,183,26,268.3,14,4.486395825568394,1203.7
치지직,돌 카사,108,48,62,184,4.4,29,13.977272727272727,61.5
치지직,백범자,108.8,98,107,116,17.1,17,9.076023391812866,155.2
치지직,아라리 Arari,109.2,84,127,104,27.8,19,7.241007194244604,201.3
치지직,디 루,109.6,94,72,155,6.4,18,12.640625,80.9
치지직,서젼,109.6,98,168,57,102.6,17,4.910331384015595,503.8
치지직,김나리,111.2,84,141,95,37.8,19,6.328042328042328,239.2
치지직,웍허,115.8,125,163,64,83.3,13,5.230492196878751,435.7
치지직,푸른선장,118.4,84,177,77,74.1,19,4.807017543859649,356.2
치지직,늑찡,118.6,107,144,99,35.3,16,6.215297450424929,219.4
치지직,나린이,118.8,68,37,226,2,23,19.45,38.9
치지직,한지카,119.2,114,129,112,23.6,15,7.127118644067797,168.2
치지직,하리원,119.6,70,65,199,3.8,22,13.736842105263158,52.2
치지직,방아방하,122.6,145,167,67,81.4,11,5.072481572481572,412.9
치지직,효랭총각,122.8,134,172,68,84.7,12,4.873671782762692,412.8
치지직,브레이든,123.2,84,53,213,2.8,19,15.464285714285714,43.3
치지직,펠리르,124,84,54,214,2.8,19,15.392857142857142,43.1
치지직,망쵸,124.4,98,79,183,5.3,17,11.641509433962264,61.7
치지직,루씨엠99,124.8,134,145,100,35.5,12,6.154929577464789,218.5
치지직,꾸르잠1,125.6,38,40,255,1.5,36,18.8,28.2
치지직,채리콥터,128,70,88,197,5.1,22,10.705882352941176,54.6
치지직,릴테이프,128.2,145,190,58,115.4,11,4.344020797227037,501.3
치지직,금귤잉a,130.2,107,99,173,6.9,16,9.884057971014492,68.2
치지직,어캐,131,145,171,84,60.7,11,4.891268533772652,296.9
치지직,백선화,132.4,84,82,207,4.1,19,11.390243902439025,46.7
치지직,권유호,132.6,125,133,136,15.4,13,6.98051948051948,107.5
치지직,천수천수,134.8,74,49,251,1.9,20,15.947368421052632,30.3
치지직,키이로옐,135,145,219,46,175.1,11,3.770988006853227,660.3
치지직,블루파랑,135.4,55,28,283,1,26,22.9,22.9
치지직,은진이,135.6,134,146,126,20.8,12,6.144230769230769,127.8
치지직,진 소희,137.8,125,160,122,25.9,13,5.293436293436294,137.1
치지직,Lrys,140,98,180,121,29.6,17,4.64527027027027,137.5
치지직,l박정현l,141,145,236,44,191.4,11,3.5094043887147337,671.7
SOOP,리네샤,141.4,107,71,229,2.9,16,12.793103448275861,37.1
치지직,게임조무사GameJomusa,142.2,125,240,53,164.6,13,3.4793438639125154,572.7
치지직,깡누,143.2,134,120,171,8.6,12,7.953488372093023,68.4
SOOP,빅픽쳐.,143.2,120,110,188,6.9,14,8.55072463768116,59
치지직,메에롱이,143.6,134,106,186,6.7,12,9.119402985074627,61.1
치지직,임환,146.6,145,179,115,32.8,11,4.740853658536586,155.5
치지직,빠라빵코,147,165,230,55,148.2,10,3.6106612685560053,535.1
SOOP,삐요코,147.6,48,23,322,0.6,29,26.333333333333332,15.8
치지직,데굴알밤,148.2,145,216,82,84,11,3.7928571428571427,318.6
치지직,체리또끼,148.8,120,97,215,4.3,14,9.930232558139535,42.7
치지직,리 체,149.2,134,152,154,15,12,5.766666666666667,86.5
치지직,김 파,149.8,125,117,195,6.8,13,8.132352941176471,55.3
SOOP,내가박바기,150.6,173,193,97,54.5,9,4.253211009174312,231.8
치지직,아일린8초,150.6,145,262,42,226.5,11,3.0706401766004414,695.5
치지직,FIXXER,152.2,165,221,77,96.4,10,3.695020746887967,356.2
치지직,미로씌,152.8,114,131,194,7.9,15,7.063291139240507,55.8
치지직,롤친구 부따맨,153.2,72,187,160,17.3,21,4.369942196531792,75.6
치지직,진짜 하련,153.8,173,137,161,11.7,9,6.3760683760683765,74.6
치지직,근토,155.4,165,169,137,21.7,10,4.8986175115207375,106.3
SOOP,쭝매-,156.2,173,157,147,17,9,5.552941176470588,94.4
치지직,엔초 encho,157.6,114,77,260,2.3,15,11.869565217391305,27.3
치지직,겜퀸비,160.2,173,139,175,10.6,9,6.339622641509434,67.2
SOOP,[보라도리],161,125,103,237,3.8,13,9.31578947368421,35.4
SOOP,릴테이프,161.6,220,229,65,116.9,7,3.619332763045338,423.1
SOOP,으밍,161.8,145,113,219,4.8,11,8.375,40.2
치지직,l전설l,162.2,165,261,62,146.7,10,3.12747102931152,458.8
치지직,팡덕이,162.8,114,80,270,2.2,15,11.590909090909092,25.5
치지직,이라 2ra,163.4,145,132,204,6.9,11,7.057971014492754,48.7
치지직,아쾅 Akuang,163.6,74,55,317,1.1,20,15.181818181818182,16.7
치지직,콜라희,163.8,125,115,232,4.4,13,8.227272727272727,36.2
치지직,펜리르405,164.6,125,90,259,2.6,13,10.538461538461538,27.4
치지직,창기XD,166.6,145,178,166,15,11,4.793333333333333,71.9
치지직,댜앙댜앙,167.2,114,93,268,2.5,15,10.28,25.7
치지직,지응자응,169,173,203,133,27.3,9,4.021978021978022,109.8
치지직,유실리안,169.2,196,245,80,100,8,3.389,338.9
치지직,하루 님,169.2,196,173,152,18.2,8,4.868131868131868,88.6
치지직,율리콩,169.8,107,63,308,1.3,16,13.76923076923077,17.9
치지직,앵성,171.6,196,191,140,23.3,8,4.261802575107296,99.3
치지직,찌부엉,171.8,165,126,221,5.3,10,7.490566037735849,39.7
SOOP,보틀직,173,145,111,249,3.7,11,8.45945945945946,31.3
SOOP,리성혁,173.2,196,184,151,20.1,8,4.482587064676617,90.1
치지직,헌재,175.8,165,283,74,128.4,10,2.896417445482866,371.9
치지직,박아서,175.8,173,147,206,7.7,9,6.12987012987013,47.2
SOOP,퍼드,176.4,134,95,279,2.3,12,10.08695652173913,23.2
SOOP,디오Dio,178,196,201,146,23.5,8,4.042553191489362,95
치지직,김망고SS2,179,107,241,153,25.4,16,3.4763779527559056,88.3
치지직,독크햄,179.8,173,195,168,16.7,9,4.221556886227545,70.5
치지직,괴몽,180.4,196,176,177,13.8,8,4.818840579710145,66.5
치지직,다츠마,182.8,196,305,54,216.2,8,2.6110083256244216,564.5
SOOP,안녕하곰,182.8,196,250,109,55,8,3.3436363636363637,183.9
치지직,768,183.2,196,243,117,44.4,8,3.4166666666666665,151.7
치지직,혼밥꾼,183.6,254,210,122,35,6,3.9171428571428573,137.1
SOOP,겜퐁,187.2,254,280,61,158,6,2.9075949367088607,459.4
치지직,커엽소,190.4,220,248,118,44.1,7,3.360544217687075,148.2
치지직,춘꾸,190.4,196,189,189,13.5,8,4.355555555555555,58.8
치지직,까룽 KARUNG,190.8,134,105,305,2,12,9.2,18.4
치지직,렌카즈,191,145,128,277,3.3,11,7.212121212121212,23.8
치지직,세웅99,191.2,220,279,89,94.5,7,2.907936507936508,274.8
치지직,시로시로유,191.2,220,309,59,189.1,7,2.5848757271285034,488.8
치지직,라피LaFi,191.6,220,244,125,38.5,7,3.3922077922077922,130.6
SOOP,:신우,191.6,120,74,345,1.1,14,12,13.2
치지직,창틀에피는꽃,191.8,145,114,293,2.5,11,8.28,20.7
SOOP,김선조,194.4,196,166,222,7.8,8,5.076923076923077,39.6
치지직,흑두꺼비,195.8,173,234,169,19.8,9,3.54040404040404,70.1
SOOP,태욱7,195.8,173,155,248,5.6,9,5.660714285714286,31.7
치지직,별망울,200.2,145,186,242,7.9,11,4.3924050632911396,34.7
치지직,백만봉,200.8,196,312,92,105.6,8,2.559659090909091,270.3
치지직,니마,202.8,220,322,75,150.3,7,2.4683965402528276,371
치지직,MULTISSUE,203.2,220,290,108,66.4,7,2.7756024096385543,184.3
치지직,지산준,203.8,107,89,367,1.1,16,10.636363636363637,11.7
치지직,모부이,204,134,116,327,1.9,12,8.157894736842104,15.5
치지직,굳럭,204.8,220,192,210,10.6,7,4.254716981132075,45.1
SOOP,도그홀,205.2,254,252,134,32.7,6,3.314984709480122,108.4
SOOP,윤워커,206.4,220,265,141,32.7,7,3.018348623853211,98.7
치지직,뒷집시니,206.6,145,217,227,10.1,11,3.782178217821782,38.2
치지직,류씨유,207.2,196,333,87,123.1,8,2.274573517465475,280
SOOP,BEOM._.,208.2,173,119,315,2.1,9,8,16.8
치지직,샤라킹 Shine Like a King,208.2,173,232,202,13.9,9,3.568345323741007,49.6
SOOP,휘야.,208.4,254,275,119,48.4,6,2.950413223140496,142.8
치지직,채닝닝,209.6,196,215,211,11.5,8,3.8,43.7
치지직,헌재HeonJae,212.8,196,253,181,19.6,8,3.3010204081632653,64.7
치지직,미엘린,212.8,220,188,234,8.2,7,4.365853658536586,35.8
치지직,키벳,217,145,159,311,3.3,11,5.303030303030303,17.5
치지직,카카리키,217.4,173,181,276,5.2,9,4.634615384615385,24.1
치지직,썬대디 TV,217.6,220,306,128,47.1,7,2.6072186836518045,122.8
치지직,겜도깨비,217.8,173,415,43,425.5,9,1.591539365452409,677.2
SOOP,강드-,220,254,295,128,45.5,6,2.698901098901099,122.8
치지직,최벽돌,220.2,173,288,176,23.4,9,2.8547008547008548,66.8
SOOP,로운_,220.4,254,228,196,15.2,6,3.625,55.1
치지직,나는만화다,220.6,173,222,243,9.3,9,3.6666666666666665,34.1
치지직,쟈홍,221.6,254,317,110,70.2,6,2.5313390313390314,177.7
치지직,에이다A,223.4,173,207,265,6.6,9,3.9696969696969697,26.2
치지직,따부 ttabu,223.4,145,104,382,1.1,11,9.272727272727273,10.2
치지직,팡 현,223.6,220,329,120,60.1,7,2.344425956738769,140.9
치지직,릴아레프,224.8,220,194,258,6.5,7,4.246153846153846,27.6
치지직,오미지,225.2,220,158,295,3.8,7,5.342105263157895,20.3
치지직,아스드,225.6,220,311,143,37.7,7,2.570291777188329,96.9
SOOP,ThePawn02,225.6,196,175,291,4.3,8,4.837209302325581,20.8
SOOP,gaia1,226.8,254,237,203,14,6,3.507142857142857,49.1
치지직,ㅣ소즈ㅣ,227.8,173,124,359,1.6,9,7.625,12.2
치지직,마아초,228,254,294,149,33.6,6,2.705357142857143,90.9
치지직,하시우,229.4,173,121,366,1.5,9,7.933333333333334,11.9
치지직,텐서린 tensorin,229.4,173,231,256,7.8,9,3.576923076923077,27.9
치지직,피빛새싹,229.4,173,352,135,50.9,9,2.117878192534381,107.8
치지직,크 래 커,232.4,220,364,107,90.4,7,2.0486725663716814,185.2
치지직,쉑쉑,232.6,165,143,356,2,10,6.25,12.5
치지직,러스 티,233.2,196,162,323,3,8,5.233333333333333,15.7
SOOP,효랭총각,233.4,311,314,114,64.8,5,2.537037037037037,164.4
치지직,용쓰박92,233.4,165,130,371,1.6,10,7.125,11.4
치지직,끔붕어,234.8,220,246,231,10.9,7,3.376146788990826,36.8
치지직,거친야생마,238,254,204,264,6.6,6,4,26.4
치지직,똬리 TTwaLi,238.4,196,293,205,17.7,8,2.7288135593220337,48.3
SOOP,부따맨^^,238.6,311,277,164,25.2,5,2.9166666666666665,73.5
치지직,앗춍,239.8,173,134,379,1.5,9,6.933333333333334,10.4
SOOP,박노아_,241.6,254,174,303,3.9,6,4.846153846153846,18.9
치지직,라무쓰,243.6,196,140,371,1.8,8,6.333333333333333,11.4
SOOP,아일린8초,243.8,311,384,70,210.5,5,1.9192399049881235,404
치지직,레비아라 LeviarA,244,196,170,342,2.8,8,4.892857142857143,13.7
치지직,디오 Dio,245.6,254,263,224,12.8,6,3.0546875,39.1
치지직,진짜루비,245.8,125,96,456,0.5,13,10,5
치지직,김쫀쿠,246.6,173,220,310,4.7,9,3.765957446808511,17.7
SOOP,천호당_,248,220,208,302,4.9,7,3.9591836734693877,19.4
치지직,모는사람,248.2,145,161,387,1.8,11,5.277777777777778,9.5
치지직,자하라임,248.4,254,204,290,5.3,6,4,21.2
치지직,세상세,250.8,220,406,111,103.6,7,1.691119691119691,175.2
치지직,Huzi,252.8,220,313,209,18.2,7,2.5494505494505493,46.4
치지직,오카리나 김죠죠,258.8,196,287,262,9.3,8,2.860215053763441,26.6
치지직,운송장 unsong,259.2,220,284,254,9.8,7,2.8877551020408165,28.3
치지직,노우운,259.2,220,273,265,8.8,7,2.977272727272727,26.2
치지직,릴노아,260.4,254,256,268,8.1,6,3.1728395061728394,25.7
치지직,게임하는 웹소설작가,261.8,173,204,364,3,9,4,12
치지직,리나앤타냐,262,196,149,408,1.3,8,6.076923076923077,7.9
치지직,청양양,262.4,254,285,244,11.5,6,2.878260869565217,33.1
치지직,졸리는라디오,263.6,220,249,300,5.9,7,3.3559322033898304,19.8
치지직,너겡,265.2,220,264,289,7,7,3.0428571428571427,21.3
SOOP,갓딘:),265.6,254,344,193,26.7,6,2.168539325842697,57.9
치지직,시로사바,266.8,220,213,344,3.5,7,3.857142857142857,13.5
치지직,아스테온0809,267,311,304,208,17.8,5,2.6179775280898876,46.6
SOOP,oEarlGrey,267,311,300,212,16.5,5,2.6303030303030304,43.4
치지직,최영화,268.6,311,410,106,111.2,5,1.6672661870503598,185.4
치지직,Vario,269.6,254,349,198,25.3,6,2.1343873517786562,54
치지직,참외몬,271.2,220,154,414,1.3,7,5.6923076923076925,7.4
SOOP,식쑤,271.8,311,225,299,5.5,5,3.6363636363636362,20
SOOP,린나래123,272.2,145,91,517,0.2,11,10.5,2.1
치지직,조롱이,272.4,220,211,360,3.1,7,3.903225806451613,12.1
치지직,나둘리,272.4,254,308,246,12.5,6,2.592,32.4
치지직,커피 바라,272.8,134,74,541,0.1,12,12,1.2
치지직,삶은계란,273.2,254,299,257,10.4,6,2.6634615384615383,27.7
치지직,양결,274,220,334,241,15.5,7,2.2580645161290325,35
치지직,로그마,274.8,254,342,218,18.9,6,2.2063492063492065,41.7
SOOP,서젼,275.2,362,369,138,52.3,4,2.005736137667304,104.9
치지직,도오덕샘,275.6,220,278,301,6.7,7,2.91044776119403,19.5
치지직,카포키오,276,254,218,345,3.5,6,3.7714285714285714,13.2
치지직,Gigi Roh 지지 로,276,220,202,378,2.6,7,4.038461538461538,10.5
치지직,종조,278,196,136,461,0.7,8,6.428571428571429,4.5
치지직,빵화탕,278.4,254,292,277,8.7,6,2.735632183908046,23.8
치지직,카게미야 렌,278.8,220,258,329,4.8,7,3.1666666666666665,15.2
SOOP,갓정이,279.4,311,419,124,86.7,5,1.5559400230680507,134.9
치지직,채미로,280.4,220,182,409,1.7,7,4.588235294117647,7.8
치지직,나는 조아요,280.8,254,251,324,4.7,6,3.3191489361702127,15.6
치지직,민 도리,281,311,212,335,3.6,5,3.888888888888889,14
치지직,권유랑,281.2,196,135,470,0.6,8,6.666666666666667,4
치지직,동훈이네,281.2,254,289,287,7.6,6,2.8421052631578947,21.6
SOOP,카네상,282.4,362,338,187,26.8,4,2.212686567164179,59.3
치지직,에그머니야,282.4,254,394,185,33.7,6,1.8189910979228487,61.3
치지직,용짜,282.4,254,363,216,20.5,6,2.053658536585366,42.1
치지직,레 구리,282.8,254,345,235,16.5,6,2.1636363636363636,35.7
치지직,안녕하곰,283,311,425,127,82,5,1.501219512195122,123.1
치지직,샘소프,283.2,254,336,245,14.6,6,2.23972602739726,32.7
치지직,에직,283.8,311,395,159,42.6,5,1.807511737089202,77
치지직,쇼코나,285.2,254,196,390,2.2,6,4.181818181818182,9.2
치지직,루카시오,285.2,254,259,327,4.9,6,3.163265306122449,15.5
치지직,껨돌쇠,285.2,254,366,220,19.5,6,2.041025641025641,39.8
치지직,이상군,285.8,311,335,224,17.4,5,2.2471264367816093,39.1
치지직,배고판,286,254,297,291,7.8,6,2.6666666666666665,20.8
SOOP,팔팔it,286.6,311,242,319,4.8,5,3.4375,16.5
치지직,보틀직,286.8,220,247,360,3.6,7,3.361111111111111,12.1
치지직,심해새우Abyssshrimp0326,288,254,233,360,3.4,6,3.5588235294117645,12.1
SOOP,꼬탄주한모금,288.4,254,209,385,2.5,6,3.92,9.8
치지직,atom2bit,289.6,254,185,412,1.7,6,4.411764705882353,7.5
치지직,o에일리o,290,254,199,399,2.1,6,4.095238095238095,8.6
SOOP,걍놀고싶어요,290,254,416,182,39.1,6,1.5907928388746804,62.2
치지직,진짜민붕이,291.2,254,316,285,9,6,2.533333333333333,22.8
SOOP,규리에몽,291.6,254,198,404,2,6,4.1,8.2
치지직,팔팔잇,292.2,311,254,321,4.9,5,3.2857142857142856,16.1
치지직,Uduru,292.2,311,358,217,20.1,5,2.0796019900497513,41.8
치지직,상자 sang ja,292.8,254,257,348,4.1,6,3.1707317073170733,13
SOOP,어흥이배고파,292.8,362,315,236,14,4,2.5357142857142856,35.5
치지직,채슬민유,294.4,254,197,412,1.8,6,4.166666666666667,7.5
치지직,연세호,295,311,343,239,16.1,5,2.186335403726708,35.2
치지직,플라멩코,295.4,311,451,132,81.2,5,1.353448275862069,109.9
치지직,제이미르,295.6,254,350,262,12.5,6,2.128,26.6
치지직,겜퐁,296.2,311,480,105,182.3,5,1.0466264399341745,190.8
치지직,휘 야,298,254,461,157,65.9,6,1.182094081942337,77.9
치지직,롤랑킴,298.4,220,214,422,1.8,7,3.8333333333333335,6.9
치지직,해초씨앗,299.6,254,235,387,2.7,6,3.5185185185185186,9.5
치지직,껨토,302,254,355,273,11.9,6,2.100840336134454,25
치지직,카페모카TV,303.6,254,255,377,3.3,6,3.212121212121212,10.6
치지직,김머만,303.8,311,439,165,51.6,5,1.4108527131782946,72.8
치지직,제리친,305.2,362,391,191,31.2,4,1.8653846153846154,58.2
치지직,그라함에이커,305.6,362,382,201,26.2,4,1.9312977099236641,50.6
치지직,F마린,308,418,389,172,36.2,3,1.8867403314917126,68.3
치지직,도환123,308,254,165,478,0.7,6,5.142857142857143,3.6
치지직,I묘연I,309.4,311,339,279,10.5,5,2.2095238095238097,23.2
치지직,뿌띠뿌끼,312.6,311,321,305,7.4,5,2.4864864864864864,18.4
치지직,요노미97,312.6,311,403,223,22.4,5,1.75,39.2
치지직,애츠,314.8,254,388,272,13.4,6,1.8955223880597014,25.4
치지직,주니 JOONI,315.2,254,200,461,1.1,6,4.090909090909091,4.5
치지직,글여우,315.4,311,380,253,14.6,5,1.9657534246575343,28.7
치지직,노움8282,317.8,311,224,415,2,5,3.65,7.3
치지직,돋이킥,318.2,311,367,273,12.3,5,2.032520325203252,25
치지직,잘나가는핫걸,318.6,311,346,295,9.4,5,2.1595744680851063,20.3
치지직,혜성BㅜB,319.6,254,324,348,5.3,6,2.452830188679245,13
치지직,산선2,322.2,311,282,368,4,5,2.9,11.6
치지직,인사이트,324,362,348,281,10.8,4,2.138888888888889,23.1
SOOP,ProfessorK,324.8,362,327,304,7.9,4,2.367088607594937,18.7
치지직,기뵤기,326.8,362,341,295,9.2,4,2.2065217391304346,20.3
치지직,시심이,328.6,311,434,232,24.9,5,1.4538152610441768,36.2
치지직,박용호,328.6,311,383,283,11.9,5,1.9243697478991597,22.9
치지직,퍼인우,330,362,286,358,4.3,4,2.86046511627907,12.3
치지직,월곰,330.4,362,370,275,12.1,4,2,24.2
SOOP,택견_,332,362,227,422,1.9,4,3.6315789473684212,6.9
치지직,슈파두파디바,332.6,311,281,395,3.1,5,2.903225806451613,9
치지직,DEANTRBLL,334.2,311,393,287,11.7,5,1.8461538461538463,21.6
SOOP,래비트_,336.8,418,381,252,14.9,3,1.9463087248322148,29
치지직,Acode,336.8,254,266,449,1.8,6,3,5.4
치지직,덴초,337,311,296,391,3.4,5,2.676470588235294,9.1
치지직,우힁,339,311,274,418,2.4,5,2.9583333333333335,7.1
치지직,공제이,340.2,311,225,470,1.1,5,3.6363636363636362,4
치지직,세이니ㅡ,340.2,311,266,429,2.2,5,3,6.6
치지직,엔터 Ent3r,341.8,311,260,439,1.9,5,3.1578947368421053,6
SOOP,Arc_Raiders,342.8,418,469,179,57.4,3,1.1341463414634145,65.1
치지직,연낭찬,344.4,362,450,230,27.2,4,1.3566176470588236,36.9
치지직,아르카딘,345.6,254,422,315,10.9,6,1.5412844036697249,16.8
치지직,진짜신곰,346,254,222,516,0.6,6,3.6666666666666665,2.2
SOOP,Mshira,347.2,418,409,250,18.6,3,1.6720430107526882,31.1
SOOP,원숭이나무에,348,362,442,247,22.8,4,1.4078947368421053,32.1
치지직,이완센세 Ivan Sensei,349,311,276,441,2,5,2.95,5.9
치지직,트냥이,352,362,347,352,5.9,4,2.152542372881356,12.7
치지직,송곳니,352.4,254,332,422,3,6,2.3,6.9
치지직,하이킴,353.4,311,337,391,4.1,5,2.2195121951219514,9.1
치지직,호베호베,355.2,362,326,381,4.3,4,2.395348837209302,10.3
치지직,금단민우,357,311,400,337,7.9,5,1.759493670886076,13.9
치지직,나는촙촙이야,359,311,562,180,190.3,5,0.3415659485023647,65
치지직,체스 Leader,359,311,408,334,8.5,5,1.6823529411764706,14.3
치지직,고란 goran,360,362,301,418,2.7,4,2.6296296296296298,7.1
치지직,t티티t,360.4,362,407,313,10.3,4,1.6893203883495145,17.4
치지직,던상,360.8,362,379,342,6.9,4,1.9855072463768115,13.7
치지직,영 제,361.2,362,238,484,1,4,3.5,3.5
치지직,비버o,363.2,362,429,298,13.6,4,1.4779411764705883,20.1
치지직,빨간행인,364.8,254,331,454,2.2,6,2.3181818181818183,5.1
SOOP,☆박정현,364.8,362,356,375,5.2,4,2.0961538461538463,10.9
치지직,나츠산메루 란메아,365.4,311,413,345,8.1,5,1.6296296296296295,13.2
치지직,우베붸,366.2,311,436,324,10.9,5,1.4311926605504588,15.6
치지직,패코,366.8,362,508,228,42.3,4,0.8959810874704491,37.9
치지직,반다입니다,367.2,362,302,435,2.4,4,2.625,6.3
SOOP,킴소울.,369.2,418,323,391,3.7,3,2.4594594594594597,9.1
SOOP,모쉬12,369.4,311,454,314,13,5,1.3076923076923077,17
치지직,게임하는 웹소설 작가,370,362,266,478,1.2,4,3,3.6
치지직,김파인애플,373.8,311,291,488,1.2,5,2.75,3.3
치지직,형이입니다,374.4,362,431,324,10.6,4,1.471698113207547,15.6
치지직,오리 0rI,374.4,418,560,167,202.1,3,0.34933201385452745,70.6
치지직,사준,374.6,311,307,474,1.5,5,2.6,3.9
치지직,Arc Raider,374.8,362,566,190,182.2,4,0.3216245883644347,58.6
치지직,ShangriLaCoi,378.4,418,400,337,7.9,3,1.759493670886076,13.9
치지직,쿨중cooltimejung,378.4,362,359,406,3.9,4,2.076923076923077,8.1
치지직,지옥인형술사12,379.4,311,397,396,4.9,5,1.7959183673469388,8.8
치지직,oEarlGrey,379.6,362,399,369,6.5,4,1.7692307692307692,11.5
치지직,초버,380,362,328,441,2.5,4,2.36,5.9
치지직,김은거,380.8,362,368,403,4.1,4,2.024390243902439,8.3
치지직,앨리루앤,382,362,340,434,2.9,4,2.206896551724138,6.4
치지직,iiiEZiii,382.4,418,438,309,12.6,3,1.4126984126984128,17.8
치지직,쿠심,382.4,254,511,318,18.9,6,0.8783068783068783,16.6
치지직,피크트램,382.8,362,330,446,2.5,4,2.32,5.8
치지직,노곤한노곤,385.2,362,521,261,37.8,4,0.7195767195767195,27.2
SOOP,후선배,385.2,418,365,389,4.6,3,2.0434782608695654,9.4
치지직,도도로이,386,362,428,356,8.4,4,1.4880952380952381,12.5
치지직,미대곰,386.4,498,477,240,32.5,2,1.08,35.1
치지직,김춘식65,387.2,418,405,354,7.3,3,1.726027397260274,12.6
치지직,후리카케,387.6,362,310,478,1.4,4,2.5714285714285716,3.6
치지직,새윌,387.8,311,462,352,10.8,5,1.1759259259259258,12.7
SOOP,노치84,389.2,498,387,337,7.3,2,1.904109589041096,13.9
치지직,투 나 잇,389.8,311,302,517,0.8,5,2.625,2.1
SOOP,**쭈니아빠**,390.4,498,433,294,14.1,2,1.4539007092198581,20.5
치지직,CHZZK KMG,390.8,362,515,281,27.8,4,0.8309352517985612,23.1
치지직,리성혁,390.8,362,510,286,25.3,4,0.8814229249011858,22.3
치지직,유아독,391,311,448,374,8,5,1.375,11
치지직,하람 Haram,391.2,418,266,503,0.9,3,3,2.7
치지직,히동2,391.2,362,238,559,0.2,4,3.5,0.7
치지직,김J,391.6,362,370,428,3.4,4,2,6.8
치지직,Laiv,392,362,464,335,12,4,1.1666666666666667,14
치지직,금눈새,392,418,460,311,14.8,3,1.1824324324324325,17.5
치지직,톨 곰,392,362,325,474,1.6,4,2.4375,3.9
치지직,applemale,393.6,418,455,320,12.6,3,1.3015873015873016,16.4
치지직,햄쮸맨,394.4,362,351,454,2.4,4,2.125,5.1
치지직,묘릭,400,362,390,429,3.5,4,1.8857142857142857,6.6
SOOP,jjanlg889,401.2,498,370,384,5,2,2,10
치지직,갓정이,403.2,418,561,238,102.3,3,0.34506353861192574,35.3
치지직,PityParty,404.4,418,537,265,46.3,3,0.5658747300215983,26.2
치지직,꿀빠리,404.8,362,353,478,1.7,4,2.1176470588235294,3.6
치지직,버거그만머거,405.2,418,474,330,13.4,3,1.1044776119402986,14.8
치지직,이파도pado,406.4,254,520,369,15.8,6,0.7278481012658228,11.5
치지직,빈함,406.4,362,420,415,4.7,4,1.553191489361702,7.3
치지직,포트나이트 티렉스TREX,406.4,362,504,331,16,4,0.90625,14.5
치지직,권구,408.8,418,357,456,2.4,3,2.0833333333333335,5
치지직,랑 쭈,409.2,418,266,548,0.3,3,3,0.9
치지직,렌지의 뎅굴뎅굴,409.2,418,544,270,53.1,3,0.480225988700565,25.5
치지직,인티와와,409.2,418,266,548,0.3,3,3,0.9
치지직,김율1,409.8,311,447,422,5,5,1.38,6.9
치지직,둑치쓰,414.8,362,386,470,2.1,4,1.9047619047619047,4
SOOP,21세기,415.2,418,266,563,0.2,3,3,0.6
치지직,산갈치4,417.2,418,402,432,3.7,3,1.7567567567567568,6.5
치지직,현단영,418.8,362,516,350,16.2,4,0.7962962962962963,12.9
치지직,잉꼬형,419.6,498,463,337,11.9,2,1.1680672268907564,13.9
치지직,호떡핑크,421.6,362,471,402,7.5,4,1.12,8.4
치지직,Leash,422,418,362,484,1.7,3,2.0588235294117645,3.5
치지직,윤워커,422,418,539,307,32.9,3,0.5531914893617021,18.2
치지직,잠곰이,423.2,418,297,552,0.3,3,2.6666666666666665,0.8
치지직,안보라,424.4,418,432,420,4.8,3,1.4583333333333333,7
치지직,겜돌이쭈니형,425.2,418,523,331,20.4,3,0.7107843137254902,14.5
치지직,깅재 Gingjae,425.6,362,542,341,25.9,4,0.5328185328185329,13.8
치지직,갓에퍼,426,418,361,495,1.5,3,2.066666666666667,3.1
치지직,홍다리홍홍홍,426.8,418,459,399,7.2,3,1.1944444444444444,8.6
치지직,DA쿠아,427.6,418,360,500,1.4,3,2.0714285714285716,2.9
치지직,무무치2,427.6,418,449,411,5.6,3,1.3571428571428572,7.6
치지직,꿀링크,427.6,418,424,436,4.1,3,1.5121951219512195,6.2
치지직,왕우진,428,418,412,449,3.3,3,1.6363636363636365,5.4
치지직,짤통이,428.8,418,318,545,0.4,3,2.5,1
SOOP,헌재TV,428.8,418,318,545,0.4,3,2.5,1
치지직,세가족 아빠,430.4,418,507,360,13.5,3,0.8962962962962963,12.1
치지직,PyoZone,432.4,418,541,331,27.2,3,0.5330882352941176,14.5
치지직,연군,433.2,418,370,504,1.3,3,2,2.6
치지직,꼬리귀신,433.2,418,452,422,5.1,3,1.3529411764705883,6.9
치지직,동글동글동그리,433.6,418,525,350,19,3,0.6789473684210526,12.9
치지직,PD K,434.4,418,354,523,0.9,3,2.111111111111111,1.9
SOOP,-욱기사-,434.4,498,483,354,12.2,2,1.0327868852459017,12.6
치지직,난센스 NONSENSE,436.8,418,437,446,4.1,3,1.4146341463414633,5.8
치지직,흰연꽃,437.2,418,443,441,4.2,3,1.4047619047619047,5.9
치지직,젖은성냥,437.2,418,414,470,2.5,3,1.6,4
치지직,AnotherDay,439.6,418,318,572,0.2,3,2.5,0.5
치지직,카에라드,440,418,518,373,15.2,3,0.743421052631579,11.3
치지직,lililili1,440.4,362,505,415,8.1,4,0.9012345679012346,7.3
치지직,러윅,440.8,418,426,467,2.8,3,1.5,4.2
치지직,암무거나,441.2,362,540,382,19.1,4,0.5340314136125655,10.2
치지직,와킨,441.6,418,435,460,3.2,3,1.4375,4.6
치지직,이그여라,444.4,418,385,517,1.1,3,1.9090909090909092,2.1
치지직,에이모르,444.4,418,527,375,16.8,3,0.6488095238095238,10.9
치지직,라클렛트,444.8,418,444,459,3.5,3,1.4,4.9
치지직,시로에 리바,445.2,418,370,534,0.8,3,2,1.6
SOOP,하마인디,445.6,362,370,563,0.3,4,2,0.6
치지직,힐좋아,445.6,418,398,507,1.4,3,1.7857142857142858,2.5
치지직,뜨거운 물범,446.8,498,370,498,1.5,2,2,3
SOOP,에이모르,448,498,467,404,7.1,2,1.1549295774647887,8.2
치지직,천태율,452.8,418,559,364,32.7,3,0.3669724770642202,12
치지직,han ryang,454,362,532,422,11.7,4,0.5897435897435898,6.9
치지직,게임뿌사뽈라,455.6,362,572,386,36.3,4,0.26721763085399447,9.7
치지직,리아나,455.6,418,466,464,3.8,3,1.1578947368421053,4.4
치지직,설은호,456.4,418,430,502,1.9,3,1.4736842105263157,2.8
치지직,피넬프,456.4,418,456,476,3,3,1.2666666666666666,3.8
SOOP,때지닝:0,456.4,498,404,488,1.9,2,1.736842105263158,3.3
치지직,촉수공격,457.2,498,497,397,8.9,2,0.9775280898876404,8.7
치지직,송근봉,457.6,418,440,495,2.2,3,1.4090909090909092,3.1
치지직,한월식,457.6,418,440,495,2.2,3,1.4090909090909092,3.1
치지직,깜탄,459.2,498,423,476,2.5,2,1.52,3.8
치지직,Sangun1,459.6,418,417,523,1.2,3,1.5833333333333333,1.9
치지직,파밍러버,460,418,502,439,6.5,3,0.9230769230769231,6
치지직,수룡이,460,418,550,391,22.4,3,0.40625,9.1
치지직,로다 R,460.8,418,426,517,1.4,3,1.5,2.1
치지직,댕이뾰이,462,418,547,399,19.5,3,0.441025641025641,8.6
치지직,노리타코,462.8,418,551,397,21.5,3,0.4046511627906977,8.7
치지직,제루브,462.8,418,512,436,7.2,3,0.8611111111111112,6.2
치지직,세라몬,464,498,370,541,0.6,2,2,1.2
치지직,GravityEarth,467.6,498,482,438,5.9,2,1.0338983050847457,6.1
치지직,DGL7,467.6,362,481,507,2.4,4,1.0416666666666667,2.5
치지직,트랑스,467.6,418,528,432,10.1,3,0.6435643564356436,6.5
치지직,POPORORO,468.4,498,370,552,0.4,2,2,0.8
치지직,그저벌레,468.8,498,503,420,7.6,2,0.9210526315789473,7
치지직,초야TV,469.6,418,465,500,2.5,3,1.16,2.9
치지직,후츠나 히토,469.6,498,418,507,1.6,2,1.5625,2.5
치지직,박정규리,470.8,498,476,452,4.9,2,1.0816326530612246,5.3
치지직,주기다냥,471.6,418,506,464,4.9,3,0.8979591836734694,4.4
치지직,퍼어즐631,472,418,473,498,2.7,3,1.1111111111111112,3
치지직,마 림,472,498,470,461,4,2,1.125,4.5
치지직,퍼랭쿤,472.4,418,458,514,1.9,3,1.2105263157894737,2.3
치지직,명달이,472.4,498,392,540,0.7,2,1.8571428571428572,1.3
치지직,하파이브,472.8,418,485,488,3.3,3,1,3.3
치지직,타락 천사,473.2,498,524,410,11.1,2,0.6936936936936937,7.7
치지직,미르의하루,477.2,498,396,548,0.5,2,1.8,0.9
치지직,알스터테인,479.6,498,421,529,1.1,2,1.5454545454545454,1.7
치지직,캠마일,479.6,418,534,456,8.6,3,0.5813953488372093,5
치지직,돌마꼬,480,418,499,492,3.3,3,0.9696969696969697,3.2
치지직,BolTaeng,480.4,498,485,467,4.2,2,1,4.2
치지직,카페아트,480.8,498,475,478,3.3,2,1.0909090909090908,3.6
치지직,뚱냥이 ChubbyCat,480.8,498,484,469,4,2,1.025,4.1
치지직,프로페서 X,484.4,498,533,429,11.3,2,0.584070796460177,6.6
치지직,리테스,485.6,498,478,487,3.2,2,1.0625,3.4
치지직,데드히트,486.8,418,555,453,13.6,3,0.38235294117647056,5.2
치지직,나충기1,486.8,498,589,379,103.8,2,0.1001926782273603,10.4
치지직,달근달근,489.6,498,468,507,2.2,2,1.1363636363636365,2.5
치지직,PI파이,490.4,498,570,407,29,2,0.27586206896551724,8
치지직,시 테,492.4,498,444,538,1,2,1.4,1.4
치지직,레코이rekoi,492.8,498,411,572,0.3,2,1.6666666666666667,0.5
치지직,GUNDAM,494,498,498,488,3.4,2,0.9705882352941176,3.3
치지직,brianteal,496.8,498,501,492,3.4,2,0.9411764705882353,3.2
치지직,노멕,497.6,498,472,523,1.7,2,1.1176470588235294,1.9
치지직,치닭맨,499.2,418,535,504,4.5,3,0.5777777777777777,2.6
치지직,인사과,500.8,498,444,559,0.5,2,1.4,0.7
치지직,이과만세,501.6,498,453,552,0.6,2,1.3333333333333333,0.8
치지직,해울이,502.4,498,478,529,1.6,2,1.0625,1.7
치지직,리프레인,502.8,498,567,441,19.6,2,0.3010204081632653,5.9
치지직,별밤율,506,418,552,504,6.5,3,0.4,2.6
치지직,망량TV,506.8,498,577,441,28.3,2,0.20848056537102475,5.9
치지직,럭키세븐2,508.4,498,573,449,20.7,2,0.2608695652173913,5.4
치지직,드브리,510.4,498,563,464,12.9,2,0.34108527131782945,4.4
치지직,매력있어이정철,510.8,498,500,528,1.9,2,0.9473684210526315,1.8
치지직,수목잔,510.8,418,556,512,6.3,3,0.38095238095238093,2.4
치지직,꿈은없고걍놀고싶어요,510.8,498,580,448,33.5,2,0.1701492537313433,5.7
치지직,식쑤,511.2,498,457,572,0.4,2,1.25,0.5
치지직,박대,511.6,418,558,512,6.5,3,0.36923076923076925,2.4
치지직,댕혁이,514,498,529,507,3.9,2,0.6410256410256411,2.5
치지직,ivkanesan,514.4,418,585,492,27.6,3,0.11594202898550725,3.2
SOOP,코즈베어,514.8,558,485,523,1.9,1,1,1.9
치지직,총못쏘는사람WC,516.8,498,565,478,11.1,2,0.32432432432432434,3.6
치지직,하루SARRI,516.8,498,514,529,2,2,0.85,1.7
SOOP,hibibigaming,520.8,558,485,538,1.4,1,1,1.4
치지직,나타남,524.8,498,519,544,1.5,2,0.7333333333333333,1.1
치지직,루나티즘,525.6,498,536,529,3,2,0.5666666666666667,1.7
치지직,유단우,526.4,498,526,541,1.8,2,0.6666666666666666,1.2
치지직,교금,526.4,558,485,552,0.8,1,1,0.8
치지직,김경민95,526.8,498,554,514,5.9,2,0.3898305084745763,2.3
치지직,카페인타임,529.6,498,530,545,1.6,2,0.625,1
치지직,리그너,530.8,498,549,529,4.1,2,0.4146341463414634,1.7
치지직,화늑,530.8,558,485,563,0.6,1,1,0.6
치지직,쟄쟄입니다,530.8,558,485,563,0.6,1,1,0.6
치지직,꾸꾸야호,530.8,558,485,563,0.6,1,1,0.6
치지직,아재스TV,532.8,558,569,484,12.4,1,0.28225806451612906,3.5
치지직,비페라,536,558,509,552,0.9,1,0.8888888888888888,0.8
치지직,0단백0,537.6,558,485,580,0.4,1,1,0.4
치지직,탈32,537.6,558,517,548,1.2,1,0.75,0.9
치지직,나다이까을,540,558,485,586,0.2,1,1,0.2
치지직,말아,541.6,558,485,590,0.1,1,1,0.1
치지직,꾸한,541.6,558,485,590,0.1,1,1,0.1
치지직,얼박사0,542,558,513,563,0.7,1,0.8571428571428571,0.6
치지직,도로도스,543.6,558,546,534,3.6,1,0.4444444444444444,1.6
치지직,이거거덩1,544.8,498,579,534,8.3,2,0.1927710843373494,1.6
치지직,oomu,545.2,498,592,522,22.3,2,0.08968609865470852,2
치지직,차가운비비빅,546,498,593,523,21.3,2,0.0892018779342723,1.9
치지직,욱기사,546.4,498,583,534,11.9,2,0.13445378151260504,1.6
치지직,나대는놈,549.2,558,522,572,0.7,1,0.7142857142857143,0.5
치지직,스나이피 SnipyOCE,551.6,498,578,552,3.9,2,0.20512820512820512,0.8
치지직,백이청,552,558,584,517,16.7,1,0.12574850299401197,2.1
치지직,강드,552.4,498,552,580,1,2,0.4,0.4
치지직,샤키리,552.4,558,530,572,0.8,1,0.625,0.5
치지직,두창팔,555.6,558,538,572,0.9,1,0.5555555555555556,0.5
치지직,강태식 게임 드라이브,558.4,558,545,572,1.1,1,0.45454545454545453,0.5
치지직,김인중,559.6,558,557,563,1.6,1,0.375,0.6
치지직,하울o,559.6,558,548,572,1.2,1,0.4166666666666667,0.5
치지직,카엔 진,563.6,558,571,559,2.6,1,0.2692307692307692,0.7
치지직,아크민또,564.8,558,543,590,0.2,1,0.5,0.1
치지직,적존,565.2,558,582,552,5.4,1,0.14814814814814814,0.8
치지직,SoLaRxD,566.4,558,574,563,2.4,1,0.25,0.6
치지직,후선배,567.6,558,581,559,4.3,1,0.16279069767441862,0.7
치지직,POTATO MAN,571.2,558,586,563,5.4,1,0.1111111111111111,0.6
치지직,이동불,573.2,558,564,590,0.3,1,0.3333333333333333,0.1
치지직,평쭈,573.2,558,568,586,0.7,1,0.2857142857142857,0.2
치지직,ㄴ낑깡ㄱ,575.6,558,576,584,1.4,1,0.21428571428571427,0.3
치지직,고등어킹,576,558,575,586,0.9,1,0.2222222222222222,0.2
치지직,리린2,581.2,558,594,580,5.6,1,0.07142857142857142,0.4
치지직,혼 이,581.6,558,591,584,3.3,1,0.09090909090909091,0.3
치지직,홍시쿤,582,558,586,590,0.9,1,0.1111111111111111,0.1
치지직,아니스트,582,558,586,590,0.9,1,0.1111111111111111,0.1
치지직,노치84,583.2,558,599,580,7.3,1,0.0547945205479452,0.4
치지직,우주별이,583.6,558,590,590,1,1,0.1,0.1
치지직,내년에할거야,585.6,558,595,590,1.5,1,0.06666666666666667,0.1
치지직,악마커피,586,558,596,590,1.6,1,0.0625,0.1
치지직,윤시카,586,558,596,590,1.6,1,0.0625,0.1
치지직,김복남01,586,558,600,586,3.9,1,0.05128205128205128,0.2
치지직,서드스타,586.8,558,598,590,1.8,1,0.05555555555555555,0.1
치지직,최상급이름,588,558,601,590,3,1,0.03333333333333333,0.1
치지직,개절,588,558,601,590,3,1,0.03333333333333333,0.1
치지직,융C,603,603,603,603,1.9,0,0,0
치지직,트로이의 라이브,603,603,603,603,0.2,0,0,0
치지직,김호자,603,603,603,603,0.7,0,0,0
치지직,Taekkyon,603,603,603,603,1.9,0,0,0
치지직,말꽁,603,603,603,603,0.8,0,0,0
치지직,미니건 슬레이어,603,603,603,603,1.1,0,0,0
치지직,김수피,603,603,603,603,0.1,0,0,0